<?xml version="1.0" encoding="utf-8" ?>
<Defs>

	<SoundDef>
		<defName>penguin_call</defName>
		<context>MapOnly</context>
		<eventNames />
		<subSounds>
			<li>
				<grains>
					<li Class="AudioGrain_Folder">
						<clipFolderPath>penguin_call</clipFolderPath>
					</li>
				</grains>
				<volumeRange>
					<min>20</min>
					<max>28</max>
				</volumeRange>
				<pitchRange>
					<min>0.9770588</min>
					<max>1.137647</max>
				</pitchRange>
				<distRange>
					<min>0</min>
					<max>50.40025</max>
				</distRange>
				<sustainLoop>False</sustainLoop>
			</li>
		</subSounds>
	</SoundDef>

	<SoundDef>
		<defName>Penguin_wound</defName>
    <context>MapOnly</context>
		<eventNames />
		<subSounds>
			<li>
				<grains>
					<li Class="AudioGrain_Folder">
						<clipFolderPath>Penguin_wound</clipFolderPath>
					</li>
				</grains>
				<volumeRange>
					<min>20</min>
					<max>28</max>
				</volumeRange>
				<pitchRange>
					<min>0.9770588</min>
					<max>1.137647</max>
				</pitchRange>
				<distRange>
					<min>0</min>
					<max>50.40025</max>
				</distRange>
				<sustainLoop>False</sustainLoop>
			</li>
		</subSounds>
	</SoundDef>

	<SoundDef>
		<defName>Penguin_kill</defName>
    <context>MapOnly</context>
		<eventNames />
		<subSounds>
			<li>
				<grains>
					<li Class="AudioGrain_Folder">
						<clipFolderPath>Penguin_kill</clipFolderPath>
					</li>
				</grains>
				<volumeRange>
					<min>20</min>
					<max>28</max>
				</volumeRange>
				<pitchRange>
					<min>0.9770588</min>
					<max>1.137647</max>
				</pitchRange>
				<distRange>
					<min>0</min>
					<max>50.40025</max>
				</distRange>
				<sustainLoop>False</sustainLoop>
			</li>
		</subSounds>
	</SoundDef>
	
</Defs>